{"cameraMode":{"drawMode":0,"name":"Shaded","section":"Shading Mode"},"sceneLighting":true,"audioPlay":false,"sceneViewState":{"m_AlwaysRefresh":true,"showFog":true,"showSkybox":true,"showFlares":true,"showImageEffects":true,"showParticleSystems":true,"showVisualEffectGraphs":true,"m_FxEnabled":true},"in2DMode":false,"pivot":{"x":-5.13726806640625,"y":1.2120832204818726,"z":-1.4534401893615723},"rotation":{"x":0.07611578702926636,"y":-0.5929147005081177,"z":0.05643684044480324,"w":0.7996806502342224},"size":1.2538914680480958,"orthographic":false}