{"cameraMode":{"drawMode":0,"name":"Shaded","section":"Shading Mode"},"sceneLighting":true,"audioPlay":false,"sceneViewState":{"m_AlwaysRefresh":false,"showFog":true,"showSkybox":true,"showFlares":true,"showImageEffects":true,"showParticleSystems":true,"showVisualEffectGraphs":true,"m_FxEnabled":true},"in2DMode":false,"pivot":{"x":3.907946825027466,"y":3.272376537322998,"z":-0.25656211376190188},"rotation":{"x":0.4689663350582123,"y":-0.08888544887304306,"z":0.04764680936932564,"w":0.8775414228439331},"size":1.6364054679870606,"orthographic":false}